name,percent
James,0.048244
Robert,0.046542
John,0.045039
William,0.034119
Michael,0.033313
David,0.033097
Richard,0.028294
Thomas,0.025091
Charles,0.022225
Larry,0.017652
Ronald,0.017485
Gary,0.016068
Donald,0.015047
Joseph,0.014644
Kenneth,0.013094
Dennis,0.012062
Paul,0.011981
George,0.011837
Stephen,0.011369
Steven,0.011062
Edward,0.010635
Daniel,0.010128
Jerry,0.00879
Mark,0.007621
Roger,0.007116
Bruce,0.006807
Frank,0.006641
Terry,0.006358
Douglas,0.006283
Raymond,0.006278
Gregory,0.006102
Lawrence,0.005685
Gerald,0.00545
Timothy,0.005192
Wayne,0.004948
Anthony,0.004678
Walter,0.00461
Peter,0.004582
Patrick,0.004482
Danny,0.004458
Willie,0.004389
Harold,0.004333
Carl,0.004266
Arthur,0.004158
Alan,0.004024
Henry,0.003983
Jack,0.003954
Jeffrey,0.003874
Johnny,0.003862
Ralph,0.003746
Roy,0.00367
Joe,0.00362
Jimmy,0.003554
Dale,0.003466
Philip,0.003454
Albert,0.003364
Billy,0.003219
Eugene,0.003111
Harry,0.003076
Stanley,0.003071
Glenn,0.003003
Samuel,0.002977
Howard,0.002935
Louis,0.002914
Ronnie,0.002909
Phillip,0.002882
Bobby,0.002841
Russell,0.00278
Steve,0.002777
Frederick,0.002641
Allen,0.002626
Fred,0.00262
Barry,0.002552
Leonard,0.002528
Andrew,0.002502
Ernest,0.002409
Craig,0.002406
Francis,0.002379
Randall,0.002307
Christopher,0.002275
Eddie,0.00227
Melvin,0.002204
Martin,0.002163
Keith,0.002154
Tommy,0.002148
Brian,0.002134
Rodney,0.002122
Mike,0.002077
Marvin,0.002065
Norman,0.002037
Earl,0.002022
Randy,0.002008
Lee,0.001975
Clarence,0.001882
Kevin,0.001829
Alfred,0.001773
Curtis,0.001714
Don,0.0017
Scott,0.001693
Theodore,0.001686
Leroy,0.001635
Vincent,0.001623
Clifford,0.001615
Jerome,0.001536
Eric,0.001535
Bill,0.001532
Herbert,0.001514
Jim,0.001514
Jesse,0.001504
Ray,0.001501
Bernard,0.001491
Calvin,0.001424
Gordon,0.001414
Tom,0.001411
Warren,0.001403
Darrell,0.0014
Victor,0.001393
Jay,0.001361
Gene,0.001358
Jose,0.001349
Leon,0.001347
Micheal,0.001325
Edwin,0.001314
Lloyd,0.001294
Dan,0.001269
Leslie,0.001224
Glen,0.00122
Alvin,0.001192
Dean,0.001168
Clyde,0.001158
Lewis,0.001155
Jimmie,0.001155
Floyd,0.001126
Lonnie,0.001122
Benjamin,0.001117
Nicholas,0.001109
Duane,0.001104
Tony,0.001104
Joel,0.001101
Jackie,0.001089
Vernon,0.001079
Allan,0.001075
Harvey,0.001071
Jon,0.001046
Juan,0.001014
Charlie,0.001012
Gilbert,0.001008
Ricky,0.000995
Lester,0.000974
Johnnie,0.000963
Dwight,0.000956
Freddie,0.000922
Leo,0.000915
Manuel,0.000913
Franklin,0.000901
Donnie,0.000899
Herman,0.000892
Arnold,0.000882
Lynn,0.000878
Milton,0.000864
Neil,0.000821
Bob,0.000813
Chester,0.000797
Jonathan,0.000793
Garry,0.000786
Wesley,0.000778
Marc,0.000776
Chris,0.000768
Ted,0.000764
Rick,0.000756
Randolph,0.000754
Cecil,0.000733
Karl,0.000733
Bradley,0.000729
Roland,0.000679
Claude,0.000677
Matthew,0.000675
Stuart,0.000663
Nathaniel,0.00066
Alexander,0.000657
Terrence,0.000653
Dave,0.000648
Maurice,0.00064
Carlos,0.000634
Guy,0.000628
Oscar,0.000626
Marshall,0.000618
Sam,0.000614
Reginald,0.000606
Mitchell,0.000604
Rickey,0.000603
Dana,0.000599
Wallace,0.000595
Kent,0.000594
Perry,0.000585
Jeffery,0.000583
Hugh,0.000581
Gerard,0.000578
Fredrick,0.000571
Jessie,0.000566
Tim,0.000559
Ruben,0.000555
Sammy,0.000554
Clifton,0.000544
Daryl,0.000542
Benny,0.000539
Rex,0.000531
Sidney,0.000527
Kerry,0.000515
Willard,0.000515
Edgar,0.000507
Clinton,0.000505
Earnest,0.000488
Elmer,0.00048
Greg,0.00048
Darryl,0.000475
Antonio,0.000471
Marion,0.000466
Everett,0.000463
Lyle,0.000462
Morris,0.000461
Terrance,0.00046
Otis,0.000455
Rudolph,0.000453
Bennie,0.00045
Laurence,0.000443
Aaron,0.000439
Tyrone,0.000439
Virgil,0.000438
Ira,0.000437
Jesus,0.000436
Nelson,0.000432
Max,0.000425
Ross,0.000424
Ben,0.000422
Clayton,0.000417
Byron,0.000413
Luther,0.000413
Neal,0.000412
Brent,0.000407
Kirk,0.000406
Alex,0.000402
Rudy,0.000398
Wendell,0.000394
Jeff,0.000386
Horace,0.000379
Luis,0.000376
Rodger,0.000376
Kurt,0.000371
Bryan,0.000369
Nathan,0.000368
Robin,0.000365
Loren,0.000361
Raul,0.000359
Kim,0.000353
Lowell,0.000351
Archie,0.00035
Leland,0.000349
Hubert,0.000347
Wilbert,0.000345
Carroll,0.000344
Troy,0.000344
Lance,0.000342
Teddy,0.000339
Delbert,0.000338
Mario,0.000336
Salvatore,0.000335
Roosevelt,0.000334
Isaac,0.000333
Alton,0.000332
Darrel,0.000332
Oliver,0.000332
Clark,0.00033
Doyle,0.000329
Tommie,0.000328
Homer,0.000328
Sylvester,0.000328
Francisco,0.000327
Carlton,0.000325
Edmund,0.000325
Geoffrey,0.000325
Jerald,0.000324
Roberto,0.000324
Frankie,0.000322
Pete,0.000319
Sherman,0.000311
Julius,0.00031
Gregg,0.00031
Jan,0.000307
Mickey,0.000305
Kenny,0.000303
Preston,0.000297
Julian,0.000295
Ron,0.000292
Malcolm,0.000289
Ramon,0.000288
Myron,0.000288
Van,0.000287
Pedro,0.000282
Mack,0.000281
Kelly,0.00028
Felix,0.000278
Rufus,0.000278
Bradford,0.000277
Lanny,0.000277
Pat,0.000275
Jacob,0.000273
Ricardo,0.000271
Wilbur,0.000271
Armando,0.000265
Willis,0.000265
Wade,0.00026
Grant,0.000257
Marcus,0.000257
Todd,0.000256
Grady,0.000255
Forrest,0.000255
Hector,0.000255
Dewey,0.000254
Ivan,0.000253
Ken,0.000253
Andy,0.000252
Ervin,0.00025
Randal,0.00025
Nick,0.000248
Cary,0.000248
Monte,0.000246
Phil,0.000243
Ellis,0.000241
Galen,0.00024
Sammie,0.000238
Freddy,0.000235
Elbert,0.000232
Hal,0.000226
Garland,0.000223
Roderick,0.000223
Percy,0.00022
Stewart,0.000219
Angelo,0.000218
Denis,0.000218
Woodrow,0.000218
Louie,0.000216
Terence,0.000215
Irvin,0.00021
Wilson,0.000209
Sheldon,0.000209
Vaughn,0.000209
Stephan,0.000208
Guadalupe,0.000208
Travis,0.000207
Owen,0.000206
Miguel,0.000204
Dallas,0.000203
Bert,0.000202
Dwayne,0.000202
Lorenzo,0.000198
Merle,0.000196
Rene,0.000195
Alfonso,0.000194
Conrad,0.000193
Arturo,0.000192
Boyd,0.000191
Alfredo,0.000191
Buddy,0.00019
Donn,0.00019
Noel,0.00019
Ronny,0.000189
Dick,0.000189
Eldon,0.000188
Lionel,0.000188
Monty,0.000184
Royce,0.000181
Ernie,0.000181
Cleveland,0.00018
Spencer,0.00018
Salvador,0.000178
Wilfred,0.000176
Adrian,0.000175
Harlan,0.000175
Rickie,0.000175
Gale,0.000175
Cornelius,0.000173
Dominic,0.000173
Brad,0.000171
Darwin,0.000168
Gerry,0.000168
Adam,0.000167
Harley,0.000167
Aubrey,0.000166
Alonzo,0.000164
Edmond,0.000164
Orville,0.000162
Moses,0.000161
Elliott,0.000161
Abraham,0.00016
Rocky,0.00016
Miles,0.000159
Emmett,0.000157
Irving,0.000156
Junior,0.000156
Marlin,0.000156
Murray,0.000154
Unknown,0.000153
Dannie,0.000152
Billie,0.000152
Amos,0.000151
Ned,0.000151
Denny,0.00015
Fernando,0.00015
Burton,0.00015
Frederic,0.000149
Grover,0.000149
Linwood,0.000149
Chuck,0.000149
Elijah,0.000149
Lamar,0.000149
Reed,0.000148
Vance,0.000148
Gabriel,0.000147
Winston,0.000147
Ernesto,0.000145
Sterling,0.000145
Rafael,0.000143
Sanford,0.000142
Doug,0.000142
Dominick,0.000141
Rodolfo,0.00014
Thurman,0.000139
Andre,0.000138
August,0.000138
Tracy,0.000136
Donny,0.000135
Ed,0.000134
Norris,0.000134
Jess,0.000131
Loyd,0.00013
Emanuel,0.00013
Kermit,0.000129
Al,0.000129
Alphonso,0.000127
Elton,0.000127
Harrison,0.000126
Lon,0.000126
Carmen,0.000125
Enrique,0.000125
Norbert,0.000125
Alberto,0.000124
Nolan,0.000122
Barney,0.000122
Bobbie,0.000121
Odell,0.000121
Will,0.000121
Jason,0.000121
Christian,0.000119
Emil,0.000119
Colin,0.000117
Gail,0.000117
Elwood,0.000116
Drew,0.000115
Roscoe,0.000115
Wiley,0.000115
Reuben,0.000114
Dewayne,0.000113
Terrell,0.000112
Simon,0.000111
Tomas,0.000111
Randell,0.00011
Kirby,0.00011
Carey,0.000109
Fredric,0.000109
Kennith,0.000109
Millard,0.000109
Elliot,0.000108
Jasper,0.000108
Jeffry,0.000107
Lamont,0.000107
Ollie,0.000106
Solomon,0.000106
Reynaldo,0.000106
Weldon,0.000106
Ramiro,0.000105
Rocco,0.000105
Eddy,0.000104
Austin,0.000103
Blaine,0.000103
Sandy,0.000103
Angel,0.000103
Dudley,0.000103
Jake,0.000101
Jorge,0.000101
Joshua,0.000101
Marty,0.000101
Ward,0.000101
Julio,0.0001
Carter,9.9e-05
Clay,9.9e-05
Levi,9.9e-05
Domingo,9.8e-05
Joesph,9.8e-05
Jerold,9.8e-05
Cornell,9.7e-05
Evan,9.7e-05
Gilberto,9.7e-05
Justin,9.7e-05
Elvin,9.7e-05
Otto,9.6e-05
Russel,9.6e-05
Ulysses,9.6e-05
Charley,9.6e-05
Mary,9.5e-05
Booker,9.4e-05
Riley,9.4e-05
Barton,9.3e-05
Harris,9.3e-05
Linda,9.3e-05
Michel,9.3e-05
Garrett,9.3e-05
Pablo,9.3e-05
Kendall,9.2e-05
Jerrold,9.2e-05
Monroe,9.2e-05
Hollis,9.1e-05
Jean,9.1e-05
Abel,9e-05
Jeremiah,9e-05
Dane,8.9e-05
Thaddeus,8.9e-05
Armand,8.8e-05
Felipe,8.8e-05
Jackson,8.8e-05
Coy,8.7e-05
Truman,8.7e-05
Davis,8.7e-05
Erik,8.7e-05
Timmy,8.6e-05
Denver,8.6e-05
Dickie,8.6e-05
Joey,8.5e-05
Maynard,8.5e-05
Javier,8.5e-05
Luke,8.5e-05
Reid,8.4e-05
Merlin,8.3e-05
Merrill,8.3e-05
Johnie,8.3e-05
Rogers,8.3e-05
Rory,8.3e-05
Emory,8.2e-05
Buford,8.2e-05
Connie,8.2e-05
Noah,8.2e-05
Shelby,8.2e-05
Toby,8.2e-05
Benito,8.1e-05
Delmar,8.1e-05
Erwin,8.1e-05
Elias,8.1e-05
Lane,8.1e-05
Vern,8.1e-05
Dexter,8e-05
Gus,8e-05
Israel,8e-05
Kyle,8e-05
Isaiah,8e-05
Roman,8e-05
Bennett,7.8e-05
Brett,7.8e-05
Duncan,7.8e-05
Seth,7.8e-05
Jaime,7.7e-05
Eduardo,7.7e-05
Emery,7.7e-05
Santos,7.7e-05
Irwin,7.6e-05
Silas,7.6e-05
Lannie,7.6e-05
Stan,7.6e-05
Bernie,7.5e-05
Guillermo,7.5e-05
Jefferson,7.5e-05
Carmine,7.4e-05
Carson,7.4e-05
Lenard,7.4e-05
Val,7.4e-05
Damon,7.3e-05
Danial,7.3e-05
Dwain,7.3e-05
Santiago,7.3e-05
Shawn,7.3e-05
Wilford,7.3e-05
Andres,7.3e-05
Carol,7.3e-05
Douglass,7.3e-05
Forest,7.3e-05
Rogelio,7.3e-05
Emilio,7.2e-05
Errol,7.2e-05
Ignacio,7.2e-05
Winfred,7.2e-05
Ismael,7.2e-05
Royal,7.2e-05
Sean,7.2e-05
Shelton,7.2e-05
Orlando,7.1e-05
Bud,7.1e-05
Vito,7.1e-05
Stanford,7e-05
Eli,7e-05
Herschel,6.9e-05
Ivory,6.9e-05
Lonny,6.9e-05
Adolph,6.8e-05
Jody,6.8e-05
Lawerence,6.8e-05
Nicky,6.8e-05
Clement,6.8e-05
Fletcher,6.8e-05
Lavern,6.8e-05
Mervin,6.8e-05
Glynn,6.7e-05
Morgan,6.7e-05
Freeman,6.7e-05
Mitchel,6.7e-05
Dalton,6.6e-05
Robbie,6.6e-05
Sonny,6.6e-05
Darnell,6.6e-05
Gayle,6.6e-05
Gaylord,6.6e-05
Wilmer,6.6e-05
Earle,6.5e-05
Mathew,6.5e-05
Gearld,6.5e-05
Casey,6.4e-05
Clair,6.4e-05
Curt,6.4e-05
Isiah,6.4e-05
Alejandro,6.3e-05
Anderson,6.3e-05
Bryant,6.3e-05
Derek,6.3e-05
Emerson,6.3e-05
Basil,6.3e-05
Hershel,6.3e-05
Laverne,6.3e-05
Stevie,6.3e-05
Bart,6.2e-05
Burt,6.2e-05
Cleo,6.2e-05
Myles,6.2e-05
Otha,6.2e-05
Felton,6.2e-05
Stanton,6.2e-05
Wilburn,6.2e-05
Alva,6.1e-05
Anton,6.1e-05
Augustine,6.1e-05
Lupe,6.1e-05
Major,6.1e-05
Reggie,6.1e-05
Butch,6e-05
Mac,6e-05
Mckinley,6e-05
Rod,6e-05
Zachary,6e-05
Kris,5.9e-05
Normand,5.9e-05
Dee,5.8e-05
Foster,5.8e-05
Hiram,5.8e-05
Milford,5.8e-05
Quentin,5.8e-05
Jacky,5.8e-05
Leigh,5.8e-05
Patricia,5.7e-05
Ryan,5.7e-05
Saul,5.7e-05
Theron,5.7e-05
Adolfo,5.6e-05
Cruz,5.6e-05
Ian,5.6e-05
Rand,5.6e-05
Cyril,5.6e-05
Graham,5.6e-05
Arlen,5.5e-05
Boyce,5.5e-05
Bryce,5.5e-05
Houston,5.5e-05
Stacy,5.5e-05
Alphonse,5.5e-05
Garth,5.5e-05
Jamie,5.5e-05
Kenton,5.5e-05
Rolland,5.5e-05
Cameron,5.4e-05
Cedric,5.4e-05
Coleman,5.3e-05
Cyrus,5.3e-05
Lemuel,5.3e-05
Augustus,5.3e-05
Carlo,5.3e-05
Judson,5.3e-05
Nickolas,5.3e-05
Nicolas,5.3e-05
Wilton,5.3e-05
Blair,5.2e-05
Everette,5.2e-05
Mason,5.2e-05
Raleigh,5.2e-05
Dewitt,5.2e-05
Emmitt,5.2e-05
Erick,5.2e-05
Gaylen,5.2e-05
Gaylon,5.2e-05
Stevan,5.2e-05
Taylor,5.2e-05
Arnulfo,5.1e-05
Hayward,5.1e-05
Lindsey,5.1e-05
Clint,5e-05
Lincoln,5e-05
Maxie,5e-05
Milo,5e-05
Rayford,5e-05
Rusty,5e-05
Scotty,5e-05
Donnell,5e-05
Huey,5e-05
Sherwood,5e-05
Blake,4.9e-05
Cliff,4.9e-05
Lorin,4.9e-05
Marcel,4.9e-05
Pierre,4.9e-05
Fidel,4.8e-05
Hardy,4.8e-05
Jerel,4.8e-05
Lucius,4.8e-05
Lyman,4.8e-05
Haywood,4.8e-05
Regis,4.8e-05
Art,4.7e-05
Brooks,4.7e-05
Curtiss,4.7e-05
Marcos,4.7e-05
Napoleon,4.7e-05
Sydney,4.7e-05
Derrick,4.7e-05
Humberto,4.7e-05
Pasquale,4.7e-05
Rollin,4.7e-05
Woody,4.7e-05
Burl,4.6e-05
Columbus,4.6e-05
Eloy,4.6e-05
Hoyt,4.6e-05
Shirley,4.6e-05
Vicente,4.6e-05
Alden,4.6e-05
Benedict,4.6e-05
Brady,4.6e-05
Cletus,4.6e-05
Jere,4.6e-05
Olen,4.6e-05
Wardell,4.6e-05
Artis,4.5e-05
King,4.5e-05
Melvyn,4.5e-05
Shannon,4.5e-05
Delmer,4.5e-05
Jeremy,4.5e-05
Lesley,4.5e-05
Alford,4.4e-05
Elroy,4.4e-05
Odis,4.4e-05
Emile,4.3e-05
Lynwood,4.3e-05
Mikel,4.3e-05
Walker,4.3e-05
Bertram,4.3e-05
Courtney,4.3e-05
Dirk,4.3e-05
Mahlon,4.3e-05
Matt,4.3e-05
Prince,4.3e-05
Rubin,4.3e-05
Lauren,4.2e-05
Lucious,4.2e-05
Olin,4.2e-05
Terrill,4.2e-05
Wally,4.2e-05
Buster,4.2e-05
Carrol,4.2e-05
Hilton,4.2e-05
Lacy,4.2e-05
Lucien,4.2e-05
Lyndon,4.2e-05
Sergio,4.2e-05
Gerold,4.1e-05
Jordan,4.1e-05
Arden,4.1e-05
Arlie,4.1e-05
Bruno,4.1e-05
Carnell,4.1e-05
Dwaine,4.1e-05
Mose,4.1e-05
Waymon,4.1e-05
Denzil,4e-05
Franklyn,4e-05
Reynold,4e-05
Domenic,4e-05
Elmo,4e-05
Gregorio,4e-05
Zane,4e-05
Claud,3.9e-05
Geary,3.9e-05
Lindell,3.9e-05
Mel,3.9e-05
Talmadge,3.9e-05
Dennie,3.8e-05
Donovan,3.8e-05
Jules,3.8e-05
Morton,3.8e-05
Raphael,3.8e-05
Harmon,3.8e-05
Kip,3.8e-05
Randel,3.8e-05
Trinidad,3.8e-05
Valentine,3.8e-05
Warner,3.8e-05
Agustin,3.7e-05
Barbara,3.7e-05
Berry,3.7e-05
Cleve,3.7e-05
Ezra,3.7e-05
Garfield,3.7e-05
Melton,3.7e-05
Noble,3.7e-05
Winford,3.7e-05
Adolphus,3.7e-05
Tyler,3.7e-05
Verne,3.7e-05
Vince,3.7e-05
Bernardo,3.6e-05
Hank,3.6e-05
Ike,3.6e-05
Joaquin,3.6e-05
Leonardo,3.6e-05
Murphy,3.6e-05
Omar,3.6e-05
Toney,3.6e-05
Vernell,3.6e-05
Beverly,3.6e-05
Bonnie,3.6e-05
Dorsey,3.6e-05
Fritz,3.6e-05
Garold,3.6e-05
Issac,3.6e-05
Marco,3.6e-05
Benton,3.5e-05
Darold,3.5e-05
Del,3.5e-05
Eliseo,3.5e-05
Emmanuel,3.5e-05
Lindsay,3.5e-05
Lorenza,3.5e-05
Marcelino,3.5e-05
Orval,3.5e-05
Williams,3.5e-05
Xavier,3.5e-05
Artie,3.4e-05
Glendon,3.4e-05
Quinton,3.4e-05
Dell,3.4e-05
Eldridge,3.4e-05
Esteban,3.4e-05
Porter,3.4e-05
Rolando,3.4e-05
Russ,3.4e-05
Walton,3.4e-05
Abe,3.3e-05
Alfonzo,3.3e-05
Alvis,3.3e-05
Carleton,3.3e-05
Gil,3.3e-05
Hans,3.3e-05
Jerrell,3.3e-05
Jonas,3.3e-05
Jonathon,3.3e-05
Leander,3.3e-05
Lenwood,3.3e-05
Maxwell,3.3e-05
Sharon,3.3e-05
Donal,3.3e-05
Evans,3.3e-05
Farrell,3.3e-05
Harland,3.3e-05
Lenny,3.3e-05
Leonel,3.3e-05
Loy,3.3e-05
Randle,3.3e-05
Adan,3.2e-05
Antone,3.2e-05
Dorian,3.2e-05
Early,3.2e-05
Elmore,3.2e-05
Federico,3.2e-05
Sandra,3.2e-05
Windell,3.2e-05
Avery,3.2e-05
Cesar,3.2e-05
Delmas,3.2e-05
Domenick,3.2e-05
Duwayne,3.2e-05
Hugo,3.2e-05
Jed,3.2e-05
Len,3.2e-05
Margarito,3.2e-05
Meredith,3.2e-05
Noe,3.2e-05
Palmer,3.2e-05
Quincy,3.2e-05
Refugio,3.2e-05
Alvie,3.1e-05
Delton,3.1e-05
Derrell,3.1e-05
Kathleen,3.1e-05
Lary,3.1e-05
Newton,3.1e-05
Webster,3.1e-05
Winfield,3.1e-05
Ashley,3.1e-05
Chad,3.1e-05
Gustavo,3.1e-05
Howell,3.1e-05
Lafayette,3.1e-05
Lawrance,3.1e-05
Merritt,3.1e-05
Rolf,3.1e-05
Dempsey,3e-05
Ezell,3e-05
Jacques,3e-05
Milan,3e-05
Raymon,3e-05
Rupert,3e-05
Alec,2.9e-05
Arvin,2.9e-05
Clarance,2.9e-05
Cordell,2.9e-05
Elden,2.9e-05
Logan,2.9e-05
Mcarthur,2.9e-05
Rosendo,2.9e-05
Asa,2.9e-05
Brendan,2.9e-05
Elisha,2.9e-05
Gonzalo,2.9e-05
Granville,2.9e-05
Levon,2.9e-05
Lucian,2.9e-05
Patsy,2.9e-05
Reese,2.9e-05
Stefan,2.9e-05
Susan,2.9e-05
Thad,2.9e-05
Arlan,2.8e-05
Arlin,2.8e-05
Conley,2.8e-05
Darell,2.8e-05
Elvis,2.8e-05
Ezekiel,2.8e-05
Gerardo,2.8e-05
Hunter,2.8e-05
Jewel,2.8e-05
Oren,2.8e-05
Ottis,2.8e-05
Parker,2.8e-05
Reyes,2.8e-05
Roddy,2.8e-05
Sebastian,2.8e-05
Skip,2.8e-05
Crawford,2.8e-05
Donell,2.8e-05
Edd,2.8e-05
Enoch,2.8e-05
Hermon,2.8e-05
Isidro,2.8e-05
Loran,2.8e-05
Oran,2.8e-05
Prentice,2.8e-05
Sherwin,2.8e-05
Clem,2.7e-05
Corey,2.7e-05
Davey,2.7e-05
Elwin,2.7e-05
Les,2.7e-05
Ocie,2.7e-05
Raymundo,2.7e-05
Robby,2.7e-05
Romeo,2.7e-05
